0,1
tt0115937,404 Client Error: Not Found for url: https://api.themoviedb.org/3/movie/tt0115937?api_key=9bd8d2d73ba74745aca770c997410e22
tt0151685,404 Client Error: Not Found for url: https://api.themoviedb.org/3/movie/tt0151685?api_key=9bd8d2d73ba74745aca770c997410e22
tt0160270,404 Client Error: Not Found for url: https://api.themoviedb.org/3/movie/tt0160270?api_key=9bd8d2d73ba74745aca770c997410e22
tt0160480,404 Client Error: Not Found for url: https://api.themoviedb.org/3/movie/tt0160480?api_key=9bd8d2d73ba74745aca770c997410e22
tt0192110,404 Client Error: Not Found for url: https://api.themoviedb.org/3/movie/tt0192110?api_key=9bd8d2d73ba74745aca770c997410e22
tt0193365,404 Client Error: Not Found for url: https://api.themoviedb.org/3/movie/tt0193365?api_key=9bd8d2d73ba74745aca770c997410e22
tt0193537,404 Client Error: Not Found for url: https://api.themoviedb.org/3/movie/tt0193537?api_key=9bd8d2d73ba74745aca770c997410e22
tt0195108,404 Client Error: Not Found for url: https://api.themoviedb.org/3/movie/tt0195108?api_key=9bd8d2d73ba74745aca770c997410e22
tt0198748,404 Client Error: Not Found for url: https://api.themoviedb.org/3/movie/tt0198748?api_key=9bd8d2d73ba74745aca770c997410e22
tt0200525,404 Client Error: Not Found for url: https://api.themoviedb.org/3/movie/tt0200525?api_key=9bd8d2d73ba74745aca770c997410e22
tt0203206,404 Client Error: Not Found for url: https://api.themoviedb.org/3/movie/tt0203206?api_key=9bd8d2d73ba74745aca770c997410e22
tt0206211,404 Client Error: Not Found for url: https://api.themoviedb.org/3/movie/tt0206211?api_key=9bd8d2d73ba74745aca770c997410e22
tt0211279,404 Client Error: Not Found for url: https://api.themoviedb.org/3/movie/tt0211279?api_key=9bd8d2d73ba74745aca770c997410e22
tt0215719,404 Client Error: Not Found for url: https://api.themoviedb.org/3/movie/tt0215719?api_key=9bd8d2d73ba74745aca770c997410e22
tt0216290,404 Client Error: Not Found for url: https://api.themoviedb.org/3/movie/tt0216290?api_key=9bd8d2d73ba74745aca770c997410e22
tt0217664,404 Client Error: Not Found for url: https://api.themoviedb.org/3/movie/tt0217664?api_key=9bd8d2d73ba74745aca770c997410e22
tt0237199,404 Client Error: Not Found for url: https://api.themoviedb.org/3/movie/tt0237199?api_key=9bd8d2d73ba74745aca770c997410e22
tt0246076,404 Client Error: Not Found for url: https://api.themoviedb.org/3/movie/tt0246076?api_key=9bd8d2d73ba74745aca770c997410e22
tt0246409,404 Client Error: Not Found for url: https://api.themoviedb.org/3/movie/tt0246409?api_key=9bd8d2d73ba74745aca770c997410e22
tt0247389,404 Client Error: Not Found for url: https://api.themoviedb.org/3/movie/tt0247389?api_key=9bd8d2d73ba74745aca770c997410e22
tt0248017,404 Client Error: Not Found for url: https://api.themoviedb.org/3/movie/tt0248017?api_key=9bd8d2d73ba74745aca770c997410e22
tt0253487,404 Client Error: Not Found for url: https://api.themoviedb.org/3/movie/tt0253487?api_key=9bd8d2d73ba74745aca770c997410e22
tt0254448,404 Client Error: Not Found for url: https://api.themoviedb.org/3/movie/tt0254448?api_key=9bd8d2d73ba74745aca770c997410e22
tt0255348,404 Client Error: Not Found for url: https://api.themoviedb.org/3/movie/tt0255348?api_key=9bd8d2d73ba74745aca770c997410e22
tt0256766,404 Client Error: Not Found for url: https://api.themoviedb.org/3/movie/tt0256766?api_key=9bd8d2d73ba74745aca770c997410e22
tt0257947,404 Client Error: Not Found for url: https://api.themoviedb.org/3/movie/tt0257947?api_key=9bd8d2d73ba74745aca770c997410e22
tt0258512,404 Client Error: Not Found for url: https://api.themoviedb.org/3/movie/tt0258512?api_key=9bd8d2d73ba74745aca770c997410e22
tt0259742,404 Client Error: Not Found for url: https://api.themoviedb.org/3/movie/tt0259742?api_key=9bd8d2d73ba74745aca770c997410e22
tt0261570,404 Client Error: Not Found for url: https://api.themoviedb.org/3/movie/tt0261570?api_key=9bd8d2d73ba74745aca770c997410e22
tt0265521,404 Client Error: Not Found for url: https://api.themoviedb.org/3/movie/tt0265521?api_key=9bd8d2d73ba74745aca770c997410e22
tt0266057,404 Client Error: Not Found for url: https://api.themoviedb.org/3/movie/tt0266057?api_key=9bd8d2d73ba74745aca770c997410e22
tt0266339,404 Client Error: Not Found for url: https://api.themoviedb.org/3/movie/tt0266339?api_key=9bd8d2d73ba74745aca770c997410e22
tt0270179,404 Client Error: Not Found for url: https://api.themoviedb.org/3/movie/tt0270179?api_key=9bd8d2d73ba74745aca770c997410e22
tt0271547,404 Client Error: Not Found for url: https://api.themoviedb.org/3/movie/tt0271547?api_key=9bd8d2d73ba74745aca770c997410e22
tt0272543,404 Client Error: Not Found for url: https://api.themoviedb.org/3/movie/tt0272543?api_key=9bd8d2d73ba74745aca770c997410e22
tt0273568,404 Client Error: Not Found for url: https://api.themoviedb.org/3/movie/tt0273568?api_key=9bd8d2d73ba74745aca770c997410e22
tt0274491,404 Client Error: Not Found for url: https://api.themoviedb.org/3/movie/tt0274491?api_key=9bd8d2d73ba74745aca770c997410e22
tt0274708,404 Client Error: Not Found for url: https://api.themoviedb.org/3/movie/tt0274708?api_key=9bd8d2d73ba74745aca770c997410e22
tt0276473,404 Client Error: Not Found for url: https://api.themoviedb.org/3/movie/tt0276473?api_key=9bd8d2d73ba74745aca770c997410e22
tt0276760,404 Client Error: Not Found for url: https://api.themoviedb.org/3/movie/tt0276760?api_key=9bd8d2d73ba74745aca770c997410e22
tt0278839,404 Client Error: Not Found for url: https://api.themoviedb.org/3/movie/tt0278839?api_key=9bd8d2d73ba74745aca770c997410e22
tt0279088,404 Client Error: Not Found for url: https://api.themoviedb.org/3/movie/tt0279088?api_key=9bd8d2d73ba74745aca770c997410e22
tt0280682,404 Client Error: Not Found for url: https://api.themoviedb.org/3/movie/tt0280682?api_key=9bd8d2d73ba74745aca770c997410e22
tt0280883,404 Client Error: Not Found for url: https://api.themoviedb.org/3/movie/tt0280883?api_key=9bd8d2d73ba74745aca770c997410e22
tt0281015,404 Client Error: Not Found for url: https://api.themoviedb.org/3/movie/tt0281015?api_key=9bd8d2d73ba74745aca770c997410e22
tt0282010,404 Client Error: Not Found for url: https://api.themoviedb.org/3/movie/tt0282010?api_key=9bd8d2d73ba74745aca770c997410e22
tt0282220,404 Client Error: Not Found for url: https://api.themoviedb.org/3/movie/tt0282220?api_key=9bd8d2d73ba74745aca770c997410e22
tt0283303,404 Client Error: Not Found for url: https://api.themoviedb.org/3/movie/tt0283303?api_key=9bd8d2d73ba74745aca770c997410e22
tt0283572,404 Client Error: Not Found for url: https://api.themoviedb.org/3/movie/tt0283572?api_key=9bd8d2d73ba74745aca770c997410e22
tt0284097,404 Client Error: Not Found for url: https://api.themoviedb.org/3/movie/tt0284097?api_key=9bd8d2d73ba74745aca770c997410e22
tt0284342,404 Client Error: Not Found for url: https://api.themoviedb.org/3/movie/tt0284342?api_key=9bd8d2d73ba74745aca770c997410e22
tt0284357,404 Client Error: Not Found for url: https://api.themoviedb.org/3/movie/tt0284357?api_key=9bd8d2d73ba74745aca770c997410e22
tt0284673,404 Client Error: Not Found for url: https://api.themoviedb.org/3/movie/tt0284673?api_key=9bd8d2d73ba74745aca770c997410e22
tt0286713,404 Client Error: Not Found for url: https://api.themoviedb.org/3/movie/tt0286713?api_key=9bd8d2d73ba74745aca770c997410e22
tt0286939,404 Client Error: Not Found for url: https://api.themoviedb.org/3/movie/tt0286939?api_key=9bd8d2d73ba74745aca770c997410e22
tt0287123,404 Client Error: Not Found for url: https://api.themoviedb.org/3/movie/tt0287123?api_key=9bd8d2d73ba74745aca770c997410e22
tt0287547,404 Client Error: Not Found for url: https://api.themoviedb.org/3/movie/tt0287547?api_key=9bd8d2d73ba74745aca770c997410e22
tt0288257,404 Client Error: Not Found for url: https://api.themoviedb.org/3/movie/tt0288257?api_key=9bd8d2d73ba74745aca770c997410e22
tt0288865,404 Client Error: Not Found for url: https://api.themoviedb.org/3/movie/tt0288865?api_key=9bd8d2d73ba74745aca770c997410e22
tt0289048,404 Client Error: Not Found for url: https://api.themoviedb.org/3/movie/tt0289048?api_key=9bd8d2d73ba74745aca770c997410e22
tt0289366,404 Client Error: Not Found for url: https://api.themoviedb.org/3/movie/tt0289366?api_key=9bd8d2d73ba74745aca770c997410e22
tt0289622,404 Client Error: Not Found for url: https://api.themoviedb.org/3/movie/tt0289622?api_key=9bd8d2d73ba74745aca770c997410e22
tt0289768,404 Client Error: Not Found for url: https://api.themoviedb.org/3/movie/tt0289768?api_key=9bd8d2d73ba74745aca770c997410e22
tt0289994,404 Client Error: Not Found for url: https://api.themoviedb.org/3/movie/tt0289994?api_key=9bd8d2d73ba74745aca770c997410e22
tt0290083,404 Client Error: Not Found for url: https://api.themoviedb.org/3/movie/tt0290083?api_key=9bd8d2d73ba74745aca770c997410e22
tt0290766,404 Client Error: Not Found for url: https://api.themoviedb.org/3/movie/tt0290766?api_key=9bd8d2d73ba74745aca770c997410e22
tt0291433,404 Client Error: Not Found for url: https://api.themoviedb.org/3/movie/tt0291433?api_key=9bd8d2d73ba74745aca770c997410e22
tt0291770,404 Client Error: Not Found for url: https://api.themoviedb.org/3/movie/tt0291770?api_key=9bd8d2d73ba74745aca770c997410e22
tt0292028,404 Client Error: Not Found for url: https://api.themoviedb.org/3/movie/tt0292028?api_key=9bd8d2d73ba74745aca770c997410e22
tt0293700,404 Client Error: Not Found for url: https://api.themoviedb.org/3/movie/tt0293700?api_key=9bd8d2d73ba74745aca770c997410e22
tt0294786,404 Client Error: Not Found for url: https://api.themoviedb.org/3/movie/tt0294786?api_key=9bd8d2d73ba74745aca770c997410e22
tt0294982,404 Client Error: Not Found for url: https://api.themoviedb.org/3/movie/tt0294982?api_key=9bd8d2d73ba74745aca770c997410e22
tt0295476,404 Client Error: Not Found for url: https://api.themoviedb.org/3/movie/tt0295476?api_key=9bd8d2d73ba74745aca770c997410e22
tt0296893,404 Client Error: Not Found for url: https://api.themoviedb.org/3/movie/tt0296893?api_key=9bd8d2d73ba74745aca770c997410e22
tt0297282,404 Client Error: Not Found for url: https://api.themoviedb.org/3/movie/tt0297282?api_key=9bd8d2d73ba74745aca770c997410e22
tt0298256,404 Client Error: Not Found for url: https://api.themoviedb.org/3/movie/tt0298256?api_key=9bd8d2d73ba74745aca770c997410e22
tt0300106,404 Client Error: Not Found for url: https://api.themoviedb.org/3/movie/tt0300106?api_key=9bd8d2d73ba74745aca770c997410e22
tt0302399,404 Client Error: Not Found for url: https://api.themoviedb.org/3/movie/tt0302399?api_key=9bd8d2d73ba74745aca770c997410e22
tt0304689,404 Client Error: Not Found for url: https://api.themoviedb.org/3/movie/tt0304689?api_key=9bd8d2d73ba74745aca770c997410e22
tt0305370,404 Client Error: Not Found for url: https://api.themoviedb.org/3/movie/tt0305370?api_key=9bd8d2d73ba74745aca770c997410e22
tt0306188,404 Client Error: Not Found for url: https://api.themoviedb.org/3/movie/tt0306188?api_key=9bd8d2d73ba74745aca770c997410e22
tt0306500,404 Client Error: Not Found for url: https://api.themoviedb.org/3/movie/tt0306500?api_key=9bd8d2d73ba74745aca770c997410e22
tt0307283,404 Client Error: Not Found for url: https://api.themoviedb.org/3/movie/tt0307283?api_key=9bd8d2d73ba74745aca770c997410e22
tt0308556,404 Client Error: Not Found for url: https://api.themoviedb.org/3/movie/tt0308556?api_key=9bd8d2d73ba74745aca770c997410e22
tt0308727,404 Client Error: Not Found for url: https://api.themoviedb.org/3/movie/tt0308727?api_key=9bd8d2d73ba74745aca770c997410e22
tt0308911,404 Client Error: Not Found for url: https://api.themoviedb.org/3/movie/tt0308911?api_key=9bd8d2d73ba74745aca770c997410e22
tt0309307,404 Client Error: Not Found for url: https://api.themoviedb.org/3/movie/tt0309307?api_key=9bd8d2d73ba74745aca770c997410e22
tt0309457,404 Client Error: Not Found for url: https://api.themoviedb.org/3/movie/tt0309457?api_key=9bd8d2d73ba74745aca770c997410e22
tt0309722,404 Client Error: Not Found for url: https://api.themoviedb.org/3/movie/tt0309722?api_key=9bd8d2d73ba74745aca770c997410e22
tt0309870,404 Client Error: Not Found for url: https://api.themoviedb.org/3/movie/tt0309870?api_key=9bd8d2d73ba74745aca770c997410e22
tt0311473,404 Client Error: Not Found for url: https://api.themoviedb.org/3/movie/tt0311473?api_key=9bd8d2d73ba74745aca770c997410e22
tt0313448,404 Client Error: Not Found for url: https://api.themoviedb.org/3/movie/tt0313448?api_key=9bd8d2d73ba74745aca770c997410e22
tt0313974,404 Client Error: Not Found for url: https://api.themoviedb.org/3/movie/tt0313974?api_key=9bd8d2d73ba74745aca770c997410e22
tt0314332,404 Client Error: Not Found for url: https://api.themoviedb.org/3/movie/tt0314332?api_key=9bd8d2d73ba74745aca770c997410e22
tt0316189,404 Client Error: Not Found for url: https://api.themoviedb.org/3/movie/tt0316189?api_key=9bd8d2d73ba74745aca770c997410e22
tt0317911,404 Client Error: Not Found for url: https://api.themoviedb.org/3/movie/tt0317911?api_key=9bd8d2d73ba74745aca770c997410e22
tt0318363,404 Client Error: Not Found for url: https://api.themoviedb.org/3/movie/tt0318363?api_key=9bd8d2d73ba74745aca770c997410e22
tt0322286,404 Client Error: Not Found for url: https://api.themoviedb.org/3/movie/tt0322286?api_key=9bd8d2d73ba74745aca770c997410e22
tt0325126,404 Client Error: Not Found for url: https://api.themoviedb.org/3/movie/tt0325126?api_key=9bd8d2d73ba74745aca770c997410e22
tt0325711,404 Client Error: Not Found for url: https://api.themoviedb.org/3/movie/tt0325711?api_key=9bd8d2d73ba74745aca770c997410e22
tt0328169,404 Client Error: Not Found for url: https://api.themoviedb.org/3/movie/tt0328169?api_key=9bd8d2d73ba74745aca770c997410e22
tt0330200,404 Client Error: Not Found for url: https://api.themoviedb.org/3/movie/tt0330200?api_key=9bd8d2d73ba74745aca770c997410e22
tt0330949,404 Client Error: Not Found for url: https://api.themoviedb.org/3/movie/tt0330949?api_key=9bd8d2d73ba74745aca770c997410e22
tt0332511,404 Client Error: Not Found for url: https://api.themoviedb.org/3/movie/tt0332511?api_key=9bd8d2d73ba74745aca770c997410e22
tt0336164,404 Client Error: Not Found for url: https://api.themoviedb.org/3/movie/tt0336164?api_key=9bd8d2d73ba74745aca770c997410e22
tt0338568,404 Client Error: Not Found for url: https://api.themoviedb.org/3/movie/tt0338568?api_key=9bd8d2d73ba74745aca770c997410e22
tt0342795,404 Client Error: Not Found for url: https://api.themoviedb.org/3/movie/tt0342795?api_key=9bd8d2d73ba74745aca770c997410e22
tt0344484,404 Client Error: Not Found for url: https://api.themoviedb.org/3/movie/tt0344484?api_key=9bd8d2d73ba74745aca770c997410e22
tt0349586,404 Client Error: Not Found for url: https://api.themoviedb.org/3/movie/tt0349586?api_key=9bd8d2d73ba74745aca770c997410e22
tt0350357,404 Client Error: Not Found for url: https://api.themoviedb.org/3/movie/tt0350357?api_key=9bd8d2d73ba74745aca770c997410e22
tt0350730,404 Client Error: Not Found for url: https://api.themoviedb.org/3/movie/tt0350730?api_key=9bd8d2d73ba74745aca770c997410e22
tt0360976,404 Client Error: Not Found for url: https://api.themoviedb.org/3/movie/tt0360976?api_key=9bd8d2d73ba74745aca770c997410e22
tt0362082,404 Client Error: Not Found for url: https://api.themoviedb.org/3/movie/tt0362082?api_key=9bd8d2d73ba74745aca770c997410e22
tt0365240,404 Client Error: Not Found for url: https://api.themoviedb.org/3/movie/tt0365240?api_key=9bd8d2d73ba74745aca770c997410e22
tt0365707,404 Client Error: Not Found for url: https://api.themoviedb.org/3/movie/tt0365707?api_key=9bd8d2d73ba74745aca770c997410e22
tt0369688,404 Client Error: Not Found for url: https://api.themoviedb.org/3/movie/tt0369688?api_key=9bd8d2d73ba74745aca770c997410e22
tt0374475,404 Client Error: Not Found for url: https://api.themoviedb.org/3/movie/tt0374475?api_key=9bd8d2d73ba74745aca770c997410e22
tt0376057,404 Client Error: Not Found for url: https://api.themoviedb.org/3/movie/tt0376057?api_key=9bd8d2d73ba74745aca770c997410e22
tt0386661,404 Client Error: Not Found for url: https://api.themoviedb.org/3/movie/tt0386661?api_key=9bd8d2d73ba74745aca770c997410e22
tt0387555,404 Client Error: Not Found for url: https://api.themoviedb.org/3/movie/tt0387555?api_key=9bd8d2d73ba74745aca770c997410e22
tt0391219,404 Client Error: Not Found for url: https://api.themoviedb.org/3/movie/tt0391219?api_key=9bd8d2d73ba74745aca770c997410e22
tt0391402,404 Client Error: Not Found for url: https://api.themoviedb.org/3/movie/tt0391402?api_key=9bd8d2d73ba74745aca770c997410e22
tt0391422,404 Client Error: Not Found for url: https://api.themoviedb.org/3/movie/tt0391422?api_key=9bd8d2d73ba74745aca770c997410e22
tt0391512,404 Client Error: Not Found for url: https://api.themoviedb.org/3/movie/tt0391512?api_key=9bd8d2d73ba74745aca770c997410e22
tt0398956,404 Client Error: Not Found for url: https://api.themoviedb.org/3/movie/tt0398956?api_key=9bd8d2d73ba74745aca770c997410e22
tt0399144,404 Client Error: Not Found for url: https://api.themoviedb.org/3/movie/tt0399144?api_key=9bd8d2d73ba74745aca770c997410e22
tt0399361,404 Client Error: Not Found for url: https://api.themoviedb.org/3/movie/tt0399361?api_key=9bd8d2d73ba74745aca770c997410e22
tt0401441,404 Client Error: Not Found for url: https://api.themoviedb.org/3/movie/tt0401441?api_key=9bd8d2d73ba74745aca770c997410e22
tt0404291,404 Client Error: Not Found for url: https://api.themoviedb.org/3/movie/tt0404291?api_key=9bd8d2d73ba74745aca770c997410e22
tt0410385,404 Client Error: Not Found for url: https://api.themoviedb.org/3/movie/tt0410385?api_key=9bd8d2d73ba74745aca770c997410e22
tt0414203,404 Client Error: Not Found for url: https://api.themoviedb.org/3/movie/tt0414203?api_key=9bd8d2d73ba74745aca770c997410e22
tt0415009,404 Client Error: Not Found for url: https://api.themoviedb.org/3/movie/tt0415009?api_key=9bd8d2d73ba74745aca770c997410e22
tt0419436,404 Client Error: Not Found for url: https://api.themoviedb.org/3/movie/tt0419436?api_key=9bd8d2d73ba74745aca770c997410e22
tt0419648,404 Client Error: Not Found for url: https://api.themoviedb.org/3/movie/tt0419648?api_key=9bd8d2d73ba74745aca770c997410e22
tt0421246,404 Client Error: Not Found for url: https://api.themoviedb.org/3/movie/tt0421246?api_key=9bd8d2d73ba74745aca770c997410e22
tt0424555,404 Client Error: Not Found for url: https://api.themoviedb.org/3/movie/tt0424555?api_key=9bd8d2d73ba74745aca770c997410e22
tt0425431,404 Client Error: Not Found for url: https://api.themoviedb.org/3/movie/tt0425431?api_key=9bd8d2d73ba74745aca770c997410e22
tt0425989,404 Client Error: Not Found for url: https://api.themoviedb.org/3/movie/tt0425989?api_key=9bd8d2d73ba74745aca770c997410e22
tt0429750,404 Client Error: Not Found for url: https://api.themoviedb.org/3/movie/tt0429750?api_key=9bd8d2d73ba74745aca770c997410e22
tt0434952,404 Client Error: Not Found for url: https://api.themoviedb.org/3/movie/tt0434952?api_key=9bd8d2d73ba74745aca770c997410e22
tt0439846,404 Client Error: Not Found for url: https://api.themoviedb.org/3/movie/tt0439846?api_key=9bd8d2d73ba74745aca770c997410e22
tt0441650,404 Client Error: Not Found for url: https://api.themoviedb.org/3/movie/tt0441650?api_key=9bd8d2d73ba74745aca770c997410e22
tt0449523,404 Client Error: Not Found for url: https://api.themoviedb.org/3/movie/tt0449523?api_key=9bd8d2d73ba74745aca770c997410e22
tt0449530,404 Client Error: Not Found for url: https://api.themoviedb.org/3/movie/tt0449530?api_key=9bd8d2d73ba74745aca770c997410e22
tt0452828,404 Client Error: Not Found for url: https://api.themoviedb.org/3/movie/tt0452828?api_key=9bd8d2d73ba74745aca770c997410e22
tt0454601,404 Client Error: Not Found for url: https://api.themoviedb.org/3/movie/tt0454601?api_key=9bd8d2d73ba74745aca770c997410e22
tt0457592,404 Client Error: Not Found for url: https://api.themoviedb.org/3/movie/tt0457592?api_key=9bd8d2d73ba74745aca770c997410e22
tt0462022,404 Client Error: Not Found for url: https://api.themoviedb.org/3/movie/tt0462022?api_key=9bd8d2d73ba74745aca770c997410e22
tt0469765,404 Client Error: Not Found for url: https://api.themoviedb.org/3/movie/tt0469765?api_key=9bd8d2d73ba74745aca770c997410e22
tt0489215,404 Client Error: Not Found for url: https://api.themoviedb.org/3/movie/tt0489215?api_key=9bd8d2d73ba74745aca770c997410e22
tt0495593,404 Client Error: Not Found for url: https://api.themoviedb.org/3/movie/tt0495593?api_key=9bd8d2d73ba74745aca770c997410e22
tt0756334,404 Client Error: Not Found for url: https://api.themoviedb.org/3/movie/tt0756334?api_key=9bd8d2d73ba74745aca770c997410e22
tt0781047,404 Client Error: Not Found for url: https://api.themoviedb.org/3/movie/tt0781047?api_key=9bd8d2d73ba74745aca770c997410e22
tt0791128,404 Client Error: Not Found for url: https://api.themoviedb.org/3/movie/tt0791128?api_key=9bd8d2d73ba74745aca770c997410e22
tt0800370,404 Client Error: Not Found for url: https://api.themoviedb.org/3/movie/tt0800370?api_key=9bd8d2d73ba74745aca770c997410e22
tt0801351,404 Client Error: Not Found for url: https://api.themoviedb.org/3/movie/tt0801351?api_key=9bd8d2d73ba74745aca770c997410e22
tt0807755,404 Client Error: Not Found for url: https://api.themoviedb.org/3/movie/tt0807755?api_key=9bd8d2d73ba74745aca770c997410e22
tt0810397,404 Client Error: Not Found for url: https://api.themoviedb.org/3/movie/tt0810397?api_key=9bd8d2d73ba74745aca770c997410e22
tt0814238,404 Client Error: Not Found for url: https://api.themoviedb.org/3/movie/tt0814238?api_key=9bd8d2d73ba74745aca770c997410e22
tt0818909,404 Client Error: Not Found for url: https://api.themoviedb.org/3/movie/tt0818909?api_key=9bd8d2d73ba74745aca770c997410e22
tt0836647,404 Client Error: Not Found for url: https://api.themoviedb.org/3/movie/tt0836647?api_key=9bd8d2d73ba74745aca770c997410e22
tt0925299,404 Client Error: Not Found for url: https://api.themoviedb.org/3/movie/tt0925299?api_key=9bd8d2d73ba74745aca770c997410e22
tt0997213,404 Client Error: Not Found for url: https://api.themoviedb.org/3/movie/tt0997213?api_key=9bd8d2d73ba74745aca770c997410e22
tt10332512,404 Client Error: Not Found for url: https://api.themoviedb.org/3/movie/tt10332512?api_key=9bd8d2d73ba74745aca770c997410e22
tt1033479,404 Client Error: Not Found for url: https://api.themoviedb.org/3/movie/tt1033479?api_key=9bd8d2d73ba74745aca770c997410e22
tt10456236,404 Client Error: Not Found for url: https://api.themoviedb.org/3/movie/tt10456236?api_key=9bd8d2d73ba74745aca770c997410e22
tt10473208,404 Client Error: Not Found for url: https://api.themoviedb.org/3/movie/tt10473208?api_key=9bd8d2d73ba74745aca770c997410e22
tt1050264,404 Client Error: Not Found for url: https://api.themoviedb.org/3/movie/tt1050264?api_key=9bd8d2d73ba74745aca770c997410e22
tt1068970,404 Client Error: Not Found for url: https://api.themoviedb.org/3/movie/tt1068970?api_key=9bd8d2d73ba74745aca770c997410e22
tt10707030,404 Client Error: Not Found for url: https://api.themoviedb.org/3/movie/tt10707030?api_key=9bd8d2d73ba74745aca770c997410e22
tt10924988,404 Client Error: Not Found for url: https://api.themoviedb.org/3/movie/tt10924988?api_key=9bd8d2d73ba74745aca770c997410e22
tt10933608,404 Client Error: Not Found for url: https://api.themoviedb.org/3/movie/tt10933608?api_key=9bd8d2d73ba74745aca770c997410e22
tt11700882,404 Client Error: Not Found for url: https://api.themoviedb.org/3/movie/tt11700882?api_key=9bd8d2d73ba74745aca770c997410e22
tt1198203,404 Client Error: Not Found for url: https://api.themoviedb.org/3/movie/tt1198203?api_key=9bd8d2d73ba74745aca770c997410e22
tt12024386,404 Client Error: Not Found for url: https://api.themoviedb.org/3/movie/tt12024386?api_key=9bd8d2d73ba74745aca770c997410e22
tt12921142,404 Client Error: Not Found for url: https://api.themoviedb.org/3/movie/tt12921142?api_key=9bd8d2d73ba74745aca770c997410e22
tt13309722,404 Client Error: Not Found for url: https://api.themoviedb.org/3/movie/tt13309722?api_key=9bd8d2d73ba74745aca770c997410e22
tt13463300,404 Client Error: Not Found for url: https://api.themoviedb.org/3/movie/tt13463300?api_key=9bd8d2d73ba74745aca770c997410e22
tt1436012,404 Client Error: Not Found for url: https://api.themoviedb.org/3/movie/tt1436012?api_key=9bd8d2d73ba74745aca770c997410e22
tt1437278,404 Client Error: Not Found for url: https://api.themoviedb.org/3/movie/tt1437278?api_key=9bd8d2d73ba74745aca770c997410e22
tt1437885,404 Client Error: Not Found for url: https://api.themoviedb.org/3/movie/tt1437885?api_key=9bd8d2d73ba74745aca770c997410e22
tt1482883,404 Client Error: Not Found for url: https://api.themoviedb.org/3/movie/tt1482883?api_key=9bd8d2d73ba74745aca770c997410e22
tt15415112,404 Client Error: Not Found for url: https://api.themoviedb.org/3/movie/tt15415112?api_key=9bd8d2d73ba74745aca770c997410e22
tt1543821,404 Client Error: Not Found for url: https://api.themoviedb.org/3/movie/tt1543821?api_key=9bd8d2d73ba74745aca770c997410e22
tt1568879,404 Client Error: Not Found for url: https://api.themoviedb.org/3/movie/tt1568879?api_key=9bd8d2d73ba74745aca770c997410e22
tt15767310,404 Client Error: Not Found for url: https://api.themoviedb.org/3/movie/tt15767310?api_key=9bd8d2d73ba74745aca770c997410e22
tt1661228,404 Client Error: Not Found for url: https://api.themoviedb.org/3/movie/tt1661228?api_key=9bd8d2d73ba74745aca770c997410e22
tt1828974,404 Client Error: Not Found for url: https://api.themoviedb.org/3/movie/tt1828974?api_key=9bd8d2d73ba74745aca770c997410e22
tt1864512,404 Client Error: Not Found for url: https://api.themoviedb.org/3/movie/tt1864512?api_key=9bd8d2d73ba74745aca770c997410e22
tt1929426,404 Client Error: Not Found for url: https://api.themoviedb.org/3/movie/tt1929426?api_key=9bd8d2d73ba74745aca770c997410e22
tt19638572,404 Client Error: Not Found for url: https://api.themoviedb.org/3/movie/tt19638572?api_key=9bd8d2d73ba74745aca770c997410e22
tt2008573,404 Client Error: Not Found for url: https://api.themoviedb.org/3/movie/tt2008573?api_key=9bd8d2d73ba74745aca770c997410e22
tt20420498,404 Client Error: Not Found for url: https://api.themoviedb.org/3/movie/tt20420498?api_key=9bd8d2d73ba74745aca770c997410e22
tt2108462,404 Client Error: Not Found for url: https://api.themoviedb.org/3/movie/tt2108462?api_key=9bd8d2d73ba74745aca770c997410e22
tt21084824,404 Client Error: Not Found for url: https://api.themoviedb.org/3/movie/tt21084824?api_key=9bd8d2d73ba74745aca770c997410e22
tt2162318,404 Client Error: Not Found for url: https://api.themoviedb.org/3/movie/tt2162318?api_key=9bd8d2d73ba74745aca770c997410e22
tt2165651,404 Client Error: Not Found for url: https://api.themoviedb.org/3/movie/tt2165651?api_key=9bd8d2d73ba74745aca770c997410e22
tt2207592,404 Client Error: Not Found for url: https://api.themoviedb.org/3/movie/tt2207592?api_key=9bd8d2d73ba74745aca770c997410e22
tt2210979,404 Client Error: Not Found for url: https://api.themoviedb.org/3/movie/tt2210979?api_key=9bd8d2d73ba74745aca770c997410e22
tt2228898,404 Client Error: Not Found for url: https://api.themoviedb.org/3/movie/tt2228898?api_key=9bd8d2d73ba74745aca770c997410e22
tt23036302,404 Client Error: Not Found for url: https://api.themoviedb.org/3/movie/tt23036302?api_key=9bd8d2d73ba74745aca770c997410e22
tt2406660,404 Client Error: Not Found for url: https://api.themoviedb.org/3/movie/tt2406660?api_key=9bd8d2d73ba74745aca770c997410e22
tt2431894,404 Client Error: Not Found for url: https://api.themoviedb.org/3/movie/tt2431894?api_key=9bd8d2d73ba74745aca770c997410e22
tt2554022,404 Client Error: Not Found for url: https://api.themoviedb.org/3/movie/tt2554022?api_key=9bd8d2d73ba74745aca770c997410e22
tt26245888,404 Client Error: Not Found for url: https://api.themoviedb.org/3/movie/tt26245888?api_key=9bd8d2d73ba74745aca770c997410e22
tt2666074,404 Client Error: Not Found for url: https://api.themoviedb.org/3/movie/tt2666074?api_key=9bd8d2d73ba74745aca770c997410e22
tt27073272,404 Client Error: Not Found for url: https://api.themoviedb.org/3/movie/tt27073272?api_key=9bd8d2d73ba74745aca770c997410e22
tt2890320,404 Client Error: Not Found for url: https://api.themoviedb.org/3/movie/tt2890320?api_key=9bd8d2d73ba74745aca770c997410e22
tt3139912,404 Client Error: Not Found for url: https://api.themoviedb.org/3/movie/tt3139912?api_key=9bd8d2d73ba74745aca770c997410e22
tt3252934,404 Client Error: Not Found for url: https://api.themoviedb.org/3/movie/tt3252934?api_key=9bd8d2d73ba74745aca770c997410e22
tt3314212,404 Client Error: Not Found for url: https://api.themoviedb.org/3/movie/tt3314212?api_key=9bd8d2d73ba74745aca770c997410e22
tt3540048,404 Client Error: Not Found for url: https://api.themoviedb.org/3/movie/tt3540048?api_key=9bd8d2d73ba74745aca770c997410e22
tt3807778,404 Client Error: Not Found for url: https://api.themoviedb.org/3/movie/tt3807778?api_key=9bd8d2d73ba74745aca770c997410e22
tt3846452,404 Client Error: Not Found for url: https://api.themoviedb.org/3/movie/tt3846452?api_key=9bd8d2d73ba74745aca770c997410e22
tt4168252,404 Client Error: Not Found for url: https://api.themoviedb.org/3/movie/tt4168252?api_key=9bd8d2d73ba74745aca770c997410e22
tt4175658,404 Client Error: Not Found for url: https://api.themoviedb.org/3/movie/tt4175658?api_key=9bd8d2d73ba74745aca770c997410e22
tt5161408,404 Client Error: Not Found for url: https://api.themoviedb.org/3/movie/tt5161408?api_key=9bd8d2d73ba74745aca770c997410e22
tt5974962,404 Client Error: Not Found for url: https://api.themoviedb.org/3/movie/tt5974962?api_key=9bd8d2d73ba74745aca770c997410e22
tt6101766,404 Client Error: Not Found for url: https://api.themoviedb.org/3/movie/tt6101766?api_key=9bd8d2d73ba74745aca770c997410e22
tt6235936,404 Client Error: Not Found for url: https://api.themoviedb.org/3/movie/tt6235936?api_key=9bd8d2d73ba74745aca770c997410e22
tt6246810,404 Client Error: Not Found for url: https://api.themoviedb.org/3/movie/tt6246810?api_key=9bd8d2d73ba74745aca770c997410e22
tt6258040,404 Client Error: Not Found for url: https://api.themoviedb.org/3/movie/tt6258040?api_key=9bd8d2d73ba74745aca770c997410e22
tt6442762,404 Client Error: Not Found for url: https://api.themoviedb.org/3/movie/tt6442762?api_key=9bd8d2d73ba74745aca770c997410e22
tt6920966,404 Client Error: Not Found for url: https://api.themoviedb.org/3/movie/tt6920966?api_key=9bd8d2d73ba74745aca770c997410e22
tt7145146,404 Client Error: Not Found for url: https://api.themoviedb.org/3/movie/tt7145146?api_key=9bd8d2d73ba74745aca770c997410e22
tt7529862,404 Client Error: Not Found for url: https://api.themoviedb.org/3/movie/tt7529862?api_key=9bd8d2d73ba74745aca770c997410e22
tt7881990,404 Client Error: Not Found for url: https://api.themoviedb.org/3/movie/tt7881990?api_key=9bd8d2d73ba74745aca770c997410e22
tt7947722,404 Client Error: Not Found for url: https://api.themoviedb.org/3/movie/tt7947722?api_key=9bd8d2d73ba74745aca770c997410e22
tt8369902,404 Client Error: Not Found for url: https://api.themoviedb.org/3/movie/tt8369902?api_key=9bd8d2d73ba74745aca770c997410e22
tt8546902,404 Client Error: Not Found for url: https://api.themoviedb.org/3/movie/tt8546902?api_key=9bd8d2d73ba74745aca770c997410e22
tt8846956,404 Client Error: Not Found for url: https://api.themoviedb.org/3/movie/tt8846956?api_key=9bd8d2d73ba74745aca770c997410e22
tt9228234,404 Client Error: Not Found for url: https://api.themoviedb.org/3/movie/tt9228234?api_key=9bd8d2d73ba74745aca770c997410e22
tt9555974,404 Client Error: Not Found for url: https://api.themoviedb.org/3/movie/tt9555974?api_key=9bd8d2d73ba74745aca770c997410e22
tt9578462,404 Client Error: Not Found for url: https://api.themoviedb.org/3/movie/tt9578462?api_key=9bd8d2d73ba74745aca770c997410e22
